id,first_name,last_name,email,credit_card_type,credit_card_number,password
1,Merridie,Penny,mpenny0@sbwire.com,instapayment,6387998281939343,lk2eCY1HnddV
2,Cory,Siseland,csiseland1@cbsnews.com,maestro,67613346606697592,NRsjDDEX
3,Cyb,Marshall,cmarshall2@si.edu,jcb,3564541976273479,7JWfOUMYO
4,Marysa,Brunroth,mbrunroth3@over-blog.com,maestro,6759741038459381454,y28k3xu
5,Fanni,Hancorn,fhancorn4@ask.com,visa-electron,4026379182103796,oSJKQqGed6
6,Margarette,Mullaney,mmullaney5@google.ru,switch,4905301855989518443,wYdR2doE0nEQ
7,Ogdan,Lomas,olomas6@livejournal.com,jcb,3571705694176683,wjJ6wG
8,Kerrin,Seymour,kseymour7@webnode.com,diners-club-enroute,201970325811785,x9NJv9Y2g
9,Lawton,Ribchester,lribchester8@globo.com,jcb,3577550706960599,BI2K3x
10,Lucretia,Conybear,lconybear9@ezinearticles.com,jcb,3549232723112547,5uTi59SK
11,Nicolas,Hackelton,nhackeltona@wired.com,jcb,3531510355195546,URIVzHGbNR
12,Agace,McCarry,amccarryb@odnoklassniki.ru,diners-club-carte-blanche,30534208048142,5aa9H1
13,Anica,Lodge,alodgec@businessweek.com,solo,6334159540857150248,Mk7mPqclFa
14,Rosana,Johnston,rjohnstond@timesonline.co.uk,china-unionpay,5602217573581080,xpmVesmukDKQ
15,Jarib,Yeude,jyeudee@reddit.com,jcb,3578506213429253,sRvtdllU5Am
16,Wallache,Dearell,wdearellf@biglobe.ne.jp,diners-club-us-ca,5469445370181323,tzHW475uiaY
17,Abey,Sandell,asandellg@is.gd,jcb,3581834361534772,kKIEYwq
18,Luciano,Orme,lormeh@newyorker.com,diners-club-carte-blanche,30524160225820,NjtyygJ
19,Klaus,Pellamont,kpellamonti@dailymail.co.uk,mastercard,5100135432729657,v0JRlKfyikf
20,Odelle,Woolager,owoolagerj@opensource.org,jcb,3547199000168504,nvtu7IrvmCxf
21,Bartolemo,Kilgallon,bkilgallonk@dropbox.com,mastercard,5557653822436996,C6efUwM
22,Otho,Harken,oharkenl@cargocollective.com,jcb,3559451421240650,cFGoGSCGl
23,Bernadette,Edgcumbe,bedgcumbem@linkedin.com,diners-club-us-ca,5450107457738612,0EEZQ8
24,Paton,Gaitskell,pgaitskelln@homestead.com,jcb,3556207164069273,IYyIV1N
25,Brander,Reddyhoff,breddyhoffo@taobao.com,jcb,3566480150103731,ALNlXVbbxE
26,Krysta,Kilgrove,kkilgrovep@paginegialle.it,visa-electron,4026670943068850,t1dLfeGCx
27,Garrik,MacKenzie,gmackenzieq@phpbb.com,diners-club-carte-blanche,30582857147038,4q5Jg4bRkd7J
28,Gardie,Riddick,griddickr@sohu.com,jcb,3578142307494829,5opJMZn
29,Reagen,Shaxby,rshaxbys@who.int,switch,491175397775371602,8kUZWvo
30,Deena,Omond,domondt@sciencedaily.com,instapayment,6380307149250983,BzTmHxIqlabz
31,Fidelia,Espinal,fespinalu@auda.org.au,visa-electron,4508368026896449,k1VeqboP
32,Amil,Al Hirsi,aalhirsiv@washington.edu,jcb,3529414356990829,fjIuEQx
33,Gradeigh,Hamblin,ghamblinw@i2i.jp,switch,493621013453253279,jtZkUR
34,Packston,Houliston,phoulistonx@census.gov,mastercard,5594200315866175,V8U7soL6Br8
35,Kenyon,Gornal,kgornaly@wix.com,switch,4911337022264433998,yX9xKtk7jxLQ
36,Beau,Icom,bicomz@answers.com,diners-club-enroute,201959069983439,25b2gR
37,Libbi,Deroche,lderoche10@flavors.me,visa-electron,4844043811569617,vjwzkGJd
38,Caty,Bastian,cbastian11@alibaba.com,mastercard,5048374731570844,LkPdn9eKl1
39,Kiersten,Rodenhurst,krodenhurst12@bloomberg.com,jcb,3535758571404517,RT46ZK
40,Tammi,Lundbeck,tlundbeck13@360.cn,jcb,3577614267178064,JFK1sb6Vb
41,Garvy,Faithfull,gfaithfull14@guardian.co.uk,jcb,3575145972723391,0E3ZXE1
42,Babara,Palliser,bpalliser15@technorati.com,switch,6759873572038347776,Jpsgg2KyG5m
43,Anselm,Mallatratt,amallatratt16@example.com,bankcard,5602254669415493,PLWkl1t
44,Clementina,Kroin,ckroin17@nsw.gov.au,jcb,3588537804721764,QuJdqqTcss9z
45,Pippy,Druce,pdruce18@shop-pro.jp,americanexpress,374283454116724,NV00lvqYTl0
46,Mia,Holehouse,mholehouse19@pinterest.com,jcb,3584572321885770,FU3cch
47,Karrie,Lydiatt,klydiatt1a@latimes.com,switch,564182159256140434,DMa05ETN2U
48,Mina,Shakshaft,mshakshaft1b@instagram.com,solo,633404833218577892,bZv2s5piDs
49,Sidney,Dmitrovic,sdmitrovic1c@sfgate.com,china-unionpay,5602220671456809,rIleSA
50,Chilton,Turle,cturle1d@vinaora.com,jcb,3538992380386774,eRbmDyGMBy
51,Stella,Clarkin,sclarkin1e@etsy.com,jcb,3575912628096013,pYtrVoOe9Ar
52,Hort,Pointing,hpointing1f@google.it,jcb,3564126370064649,F5DRg4Z
53,Ilysa,Scotchbourouge,iscotchbourouge1g@cam.ac.uk,maestro,63048618931810924,ibR2NSu
54,Webster,Perfect,wperfect1h@t-online.de,diners-club-carte-blanche,30565388066298,UnaOl5OHv
55,Rodrique,Yell,ryell1i@privacy.gov.au,china-unionpay,5602250804298181199,Rqz8DNtA
56,Abrahan,Daouse,adaouse1j@vimeo.com,jcb,3582741343471941,Stedp6g9
57,Maximo,Tedorenko,mtedorenko1k@squarespace.com,jcb,3537031237958815,9PDxdpJ
58,Graeme,Wedmore.,gwedmore1l@joomla.org,switch,490568264241796183,s1iStDae2RHJ
59,Buckie,Conant,bconant1m@cyberchimps.com,jcb,3545607629765809,ufiOS16j
60,Karylin,Acutt,kacutt1n@microsoft.com,jcb,3543219891501789,q5guqzuN7
61,Adelbert,Gebbie,agebbie1o@newyorker.com,china-unionpay,5602232026771428,R4pms5lVTO
62,Dulciana,Chatres,dchatres1p@hostgator.com,jcb,3540114832796783,4zAnOft
63,Derby,Grcic,dgrcic1q@mediafire.com,jcb,3534684213793946,B2qSk8e
64,Rozalie,Cowlam,rcowlam1r@plala.or.jp,china-unionpay,56022442752770891,QDOaey3
65,Caprice,Jouannisson,cjouannisson1s@ovh.net,china-unionpay,560222151634475673,HSJsHpo5IFT
66,Elana,Crucetti,ecrucetti1t@cnn.com,jcb,3539507056161357,KAaI8Eaty1
67,Dorothea,Alyokhin,dalyokhin1u@digg.com,switch,675943432089161891,egMUhH
68,Jeramie,Patterfield,jpatterfield1v@bloomberg.com,jcb,3560420893008330,8uCLS7M
69,Hiram,Sphinxe,hsphinxe1w@simplemachines.org,mastercard,5100142579753151,T1eopbDHp
70,Caresa,Sandever,csandever1x@guardian.co.uk,diners-club-enroute,201880719114599,PzGKVShmfB
71,Jacqui,Huncoot,jhuncoot1y@marriott.com,diners-club-carte-blanche,30443319801649,o8usPA3
72,Marc,Flight,mflight1z@xrea.com,jcb,3539023967705266,SMuTIrZP2ADt
73,Fredelia,Daffey,fdaffey20@acquirethisname.com,jcb,3529259944184793,gOwSiMlpCC
74,Marijn,McWhinnie,mmcwhinnie21@booking.com,mastercard,5369592179070560,J6Q4Jdym
75,Tremayne,Whaites,twhaites22@biblegateway.com,americanexpress,374622381437705,2VIHQaPiTdi
76,Perkin,Walhedd,pwalhedd23@wsj.com,jcb,3528034428655597,Y74Ta3X
77,Prisca,Jurkiewicz,pjurkiewicz24@fastcompany.com,diners-club-enroute,201696375898840,NmsAeF07
78,Anson,Harriss,aharriss25@arstechnica.com,jcb,3559687358568189,WIY0Qr2
79,Hannis,Hammett,hhammett26@twitter.com,china-unionpay,5602231980903357,mK2WIhsqCN
80,Ilysa,Hurll,ihurll27@twitpic.com,americanexpress,374622324963387,rx79FOs0qA3
81,Anny,Sukbhans,asukbhans28@phpbb.com,instapayment,6379499705187155,ds07CD
82,Celinda,Seivertsen,cseivertsen29@nasa.gov,jcb,3529306848076797,9S2uDOSF
83,Tory,Catling,tcatling2a@cbslocal.com,switch,4903384131851067389,LxS3E5
84,Kincaid,Reboul,kreboul2b@infoseek.co.jp,jcb,3547756709764758,HBQ56v85RoCX
85,Odessa,Beadnell,obeadnell2c@istockphoto.com,diners-club-enroute,201815209731296,F98O3vv
86,Meriel,Hurle,mhurle2d@senate.gov,americanexpress,372301942162324,n7vY2Mq
87,Duky,Sparey,dsparey2e@narod.ru,visa-electron,4913252007745941,7G9khS
88,Karel,Drivers,kdrivers2f@accuweather.com,china-unionpay,5602216827796008732,vLKYt2Lp7F
89,Carry,Hilling,chilling2g@facebook.com,diners-club-carte-blanche,30244061110787,m3Udbim
90,Iolande,Beamiss,ibeamiss2h@thetimes.co.uk,jcb,3583447808050670,Gg3nCc
91,Gerianna,Spinige,gspinige2i@unblog.fr,jcb,3568730199914250,LS91QeC3cNV
92,Jobyna,Dewbury,jdewbury2j@bbc.co.uk,switch,6333567757349694,Fnf0qFKo5
93,Shawn,Braybrook,sbraybrook2k@comcast.net,mastercard,5513775727152585,ArYPkhD7Yg
94,Quinn,Tue,qtue2l@answers.com,maestro,50388971536891749,gBgKtSZoVJ
95,Johnathan,Soames,jsoames2m@deviantart.com,jcb,3582481912266857,7dTI9deL
96,Carrissa,Wedlock,cwedlock2n@webeden.co.uk,jcb,3562209760013566,9H8Reh8RT8h
97,Tomaso,Whittall,twhittall2o@apple.com,china-unionpay,56022400219109376,GVfklL
98,Moina,Hartigan,mhartigan2p@vk.com,jcb,3559903262691177,iLmxj8sUW9ss
99,Perkin,Voysey,pvoysey2q@reverbnation.com,americanexpress,373917638923452,Trq2U67t
100,Malinde,Souster,msouster2r@prlog.org,china-unionpay,5602230720909732,gkwdB4g
